Model_Year,Make,Model,Vehicle Class,Motor_(kW),Transmission,Fuel_Type,Range_(km),terminal_voltage,terminal_current,temperature,charge_current,charge_voltage,time,capacity,cycle,SOH
2012,Mitsubishi,i-MiEV,Subcompact,49,A1,B,100,4.191491808,-0.004901589,24.33003389,-0.0006,0,0,1.856487421,1,0.928243711
2012,Nissan,LEAF,Mid-size,80,A1,B,117,4.190749068,-0.001478006,24.32599342,-0.0006,4.206,16.781,1.856487421,1,0.928243711
2013,Ford,Focus Electric,Compact,107,A1,B,122,3.974870912,-2.012528324,24.38908513,-1.9982,3.062,35.703,1.856487421,1,0.928243711
2013,Mitsubishi,i-MiEV,Subcompact,49,A1,B,100,3.951716708,-2.013979362,24.54475232,-1.9982,3.03,53.781,1.856487421,1,0.928243711
2013,Nissan,LEAF,Mid-size,80,A1,B,117,4.189773214,2.13E-05,24.69775194,-0.0006,0,0,1.84632725,2,0.923163625
2013,smart,fortwo electric drive cabriolet,Two-seater,35,A1,B,109,4.18888138,-0.000879471,24.68594816,-0.0006,4.204,16.672,1.84632725,2,0.923163625
2013,smart,fortwo electric drive coupe,Two-seater,35,A1,B,109,3.979156705,-2.014654031,24.73813208,-1.9984,3.056,35.703,1.84632725,2,0.923163625
2013,Tesla,Model S (40 kWh),Full-size,225,A1,B,224,4.187198338,-0.001791648,24.74050015,-0.0006,4.203,16.797,1.835349194,3,0.917674597
2013,Tesla,Model S (60 kWh),Full-size,225,A1,B,335,3.979994938,-2.015479071,24.79144998,-1.9982,3.055,35.766,1.835349194,3,0.917674597
2013,Tesla,Model S (85 kWh),Full-size,270,A1,B,426,3.958170314,-2.014815022,24.94295964,-1.9982,3.023,53.891,1.835349194,3,0.917674597
2013,Tesla,Model S Performance,Full-size,310,A1,B,426,3.526904572,-2.011469332,32.9757397,-1.9984,2.592,1872.625,1.835262528,4,0.917631264
2014,Chevrolet,Spark EV,Subcompact,104,A1,B,131,3.524647034,-2.012191054,33.01788126,-1.9982,2.589,1891.375,1.835262528,4,0.917631264
2014,Ford,Focus Electric,Compact,107,A1,B,122,3.522311706,-2.010756825,33.05835416,-1.9982,2.587,1910.11,1.835262528,4,0.917631264
2014,Mitsubishi,i-MiEV,Subcompact,49,A1,B,100,3.804859788,-2.014845996,28.25196686,-1.9982,2.86,435.406,1.83566166,6,0.91783083
2014,Nissan,LEAF,Mid-size,80,A1,B,135,3.79983303,-2.012972151,28.39237053,-1.9982,2.855,453.61,1.83566166,6,0.91783083
2014,smart,fortwo electric drive cabriolet,Two-seater,35,A1,B,109,3.857193669,-2.009721134,26.71550537,-1.9982,2.911,272.016,1.824619553,11,0.912309777
2014,smart,fortwo electric drive coupe,Two-seater,35,A1,B,109,3.85090507,-2.013736231,26.88341281,-1.9982,2.906,290.234,1.824619553,11,0.912309777
2014,Tesla,Model S (60 kWh),Full-size,225,A1,B,335,3.845486599,-2.011207798,27.03726805,-1.9982,2.899,308.391,1.824619553,11,0.912309777
2014,Tesla,Model S (85 kWh),Full-size,270,A1,B,426,3.832460826,-2.014018816,27.7915023,-1.9982,2.883,362.953,1.814201936,12,0.907100968
2014,Tesla,Model S Performance,Full-size,310,A1,B,426,3.827452009,-2.011749844,27.93158531,-1.9982,2.878,381.078,1.814201936,12,0.907100968
2015,BMW,i3,Subcompact,125,A1,B,130,3.82254229,-2.013472984,28.07701115,-1.9982,2.873,399.203,1.814201936,12,0.907100968
2015,Chevrolet,Spark EV,Subcompact,104,A1,B,131,3.817368012,-2.014333672,28.22973876,-1.9982,2.869,417.438,1.814201936,12,0.907100968
2015,Ford,Focus Electric,Compact,107,A1,B,122,3.951761092,-2.011134804,25.10039775,-1.9982,3.011,71.938,1.813752158,13,0.906876079
2015,Kia,Soul EV,Station wagon: Small,81,A1,B,149,3.938949848,-2.011383158,25.28291979,-1.9982,2.996,90.094,1.813752158,13,0.906876079
2015,Mitsubishi,i-MiEV,Subcompact,49,A1,B,100,3.92765041,-2.012381067,25.45769671,-1.9982,2.985,108.281,1.813752158,13,0.906876079
2015,Nissan,LEAF,Mid-size,80,A1,B,135,3.253030718,0.00037991,36.16954694,-0.0006,0,3449.844,1.813440491,14,0.906720246
2015,smart,fortwo electric drive cabriolet,Two-seater,35,A1,B,109,3.264855084,-0.002505993,35.8696097,-0.0006,0,3470,1.813440491,14,0.906720246
2015,smart,fortwo electric drive coupe,Two-seater,35,A1,B,109,3.722123086,-2.012373099,29.79920645,-1.9982,2.785,781.438,1.802598004,15,0.901299002
2015,Tesla,Model S (60 kWh),Full-size,285,A1,B,335,3.717978279,-2.014702091,29.82686858,-1.9982,2.781,799.797,1.802598004,15,0.901299002
2015,Tesla,Model S (70 kWh),Full-size,285,A1,B,377,3.713835484,-2.014640843,29.86799319,-1.9982,2.777,818.125,1.802598004,15,0.901299002
2015,Tesla,Model S (85/90 kWh),Full-size,285,A1,B,426,3.6966264,-2.011903013,29.90685036,-1.9982,2.755,892.219,1.802579501,17,0.901289751
2015,Tesla,Model S 70D,Full-size,280,A1,B,386,3.692629522,-2.012894479,29.94297337,-1.9982,2.752,910.625,1.802579501,17,0.901289751
2015,Tesla,Model S 85D/90D,Full-size,280,A1,B,435,3.688496511,-2.012455667,29.99099034,-1.9982,2.748,928.813,1.802579501,17,0.901289751
2015,Tesla,Model S P85D/P90D,Full-size,515,A1,B,407,3.684865264,-2.012805965,30.03431223,-1.9982,2.745,947.078,1.802579501,17,0.901289751
2016,BMW,i3,Subcompact,125,A1,B,130,3.508000393,-2.013610924,33.41007582,-1.9984,2.568,2098,1.847025995,20,0.923512998
2016,Chevrolet,Spark EV,Subcompact,104,A1,B,131,3.506078495,-2.010767193,33.44523129,-1.9982,2.567,2116.812,1.847025995,20,0.923512998
2016,Ford,Focus Electric,Compact,107,A1,B,122,3.504347419,-2.014183023,33.48930723,-1.9984,2.565,2135.671,1.847025995,20,0.923512998
2016,Kia,Soul EV,Station wagon: Small,81,A1,B,149,3.489269007,-2.011762186,33.90320804,-1.9982,2.555,2288.5,1.836177421,22,0.918088711
2016,Mitsubishi,i-MiEV,Subcompact,49,A1,B,100,3.487632203,-2.012365985,33.94744339,-1.9982,2.553,2307.485,1.836177421,22,0.918088711
2016,Nissan,LEAF (24 kWh),Mid-size,80,A1,B,135,3.485475025,-2.009587394,33.99739914,-1.9982,2.551,2326.375,1.836177421,22,0.918088711
2016,Nissan,LEAF (30 kWh),Mid-size,80,A1,B,172,3.483569374,-2.011967423,34.05777539,-1.9982,2.549,2345.313,1.836177421,22,0.918088711
2016,smart,fortwo electric drive cabriolet,Two-seater,35,A1,B,109,3.615864169,-2.010817887,30.7321965,-1.9982,2.678,1295.516,1.814031128,26,0.907015564
2016,smart,fortwo electric drive coupe,Two-seater,35,A1,B,109,3.61273626,-2.013724932,30.78632944,-1.9982,2.675,1314,1.814031128,26,0.907015564
2016,Tesla,Model S (60 kWh pre- 6/16),Full-size,285,A1,B,335,3.609235228,-2.009211638,30.83786058,-1.9982,2.671,1332.516,1.814031128,26,0.907015564
2016,Tesla,Model S (60 kWh),Full-size,285,A1,B,338,3.606055293,-2.013050493,30.89688136,-1.9982,2.669,1350.922,1.814031128,26,0.907015564
2016,Tesla,Model S (70 kWh),Full-size,285,A1,B,377,3.602766234,-2.011703959,30.94991766,-1.9982,2.665,1369.375,1.814031128,26,0.907015564
2016,Tesla,Model S (75 kWh),Full-size,285,A1,B,401,3.599517595,-2.010976837,31.01488832,-1.9982,2.662,1387.891,1.814031128,26,0.907015564
2016,Tesla,Model S (85/90 kWh),Full-size,285,A1,B,426,3.390316193,-2.012782707,35.46986711,-1.9982,2.459,2881.906,1.814769194,27,0.907384597
2016,Tesla,Model S 60D,Full-size,386,A1,B,351,3.384093566,-2.011332038,35.55368687,-1.9982,2.453,2901.25,1.814769194,27,0.907384597
2016,Tesla,Model S 70D,Full-size,386,A1,B,386,3.377305022,-2.01250127,35.63785209,-1.9982,2.446,2920.687,1.814769194,27,0.907384597
2016,Tesla,Model S 75D,Full-size,386,A1,B,417,3.369750805,-2.012658769,35.72749838,-1.9982,2.439,2940.156,1.814769194,27,0.907384597
2016,Tesla,Model S 85D/90D,Full-size,386,A1,B,435,3.467477876,-2.014771182,33.79257715,-1.9982,2.529,2418.984,1.802765665,29,0.901382833
2016,Tesla,Model S 90D (Refresh),Full-size,386,A1,B,473,3.465362974,-2.013103816,33.87125922,-1.9982,2.526,2438,1.802765665,29,0.901382833
2016,Tesla,Model S P85D/P90D,Full-size,568,A1,B,407,3.462997017,-2.012150872,33.92309176,-1.9982,2.524,2457.156,1.802765665,29,0.901382833
2016,Tesla,Model S P90D (Refresh),Full-size,568,A1,B,435,3.168678916,-2.012281735,37.35824371,1.9982,2.233,3204.797,1.851802552,31,0.925901276
2016,Tesla,Model S P100D,Full-size,568,A1,B,507,3.149998556,-2.013360884,37.38511256,1.9982,2.215,3214.156,1.851802552,31,0.925901276
2016,Tesla ,Model X 60D,SUV: Standard,386,A1,B,322,3.129785224,-2.01246661,37.3633723,1.9984,2.196,3223.515,1.851802552,31,0.925901276
2016,Tesla,Model X 75D,SUV: Standard,386,A1,B,383,3.440395534,-2.01407943,34.68378656,1.9982,2.489,2642.39,1.819904109,33,0.909952055
2016,Tesla,Model X 90D,SUV: Standard,386,A1,B,414,3.439062148,-2.016579512,34.74297595,1.9982,2.488,2651.765,1.819904109,33,0.909952055
2016,Tesla,Model X P90D,SUV: Standard,568,A1,B,402,3.437759266,-2.013455014,34.82218868,1.9982,2.486,2661.156,1.819904109,33,0.909952055
2016,Tesla,Model X P100D,SUV: Standard,568,A1,B,465,3.436355743,-2.013223828,34.76859043,1.9982,2.485,2670.515,1.819904109,33,0.909952055
2017,BMW,i3 (60 Ah),Subcompact,125,A1,B,130,3.434766386,-2.011697293,34.8072917,1.9982,2.484,2679.859,1.819904109,33,0.909952055
2017,BMW,i3 (94 Ah),Subcompact,125,A1,B,183,3.648950017,-2.014081448,30.16138489,1.9982,2.683,1097.344,1.799377065,36,0.899688533
2017,Chevrolet,Bolt EV,Station wagon: Small,150,A1,B,383,3.647023114,-2.01318673,30.23877865,1.9982,2.681,1106.734,1.799377065,36,0.899688533
2017,Ford,Focus Electric,Compact,107,A1,B,185,3.645199083,-2.011323364,30.28611446,1.9982,2.68,1116.094,1.799377065,36,0.899688533
2017,Hyundai,IONIQ Electric,Mid-size,88,A1,B,200,3.643022366,-2.012626059,30.31267115,1.9982,2.678,1125.422,1.799377065,36,0.899688533
2017,Kia,Soul EV,Station wagon: Small,81,A1,B,150,3.641173104,-2.013757207,30.31997506,1.9982,2.677,1134.828,1.799377065,36,0.899688533
2017,Mitsubishi,i-MiEV,Subcompact,49,A1,B,100,3.639121413,-2.013226623,30.3380055,1.9982,2.675,1144.188,1.799377065,36,0.899688533
2017,Nissan,LEAF,Mid-size,80,A1,B,172,3.556699372,-2.011173843,31.48962351,1.9982,2.599,1593.328,1.788443234,37,0.894221617
2017,Tesla,Model S (60 kWh),Full-size,285,A1,B,338,3.555448426,-2.012090542,31.55296595,1.9982,2.598,1602.656,1.788443234,37,0.894221617
2017,Tesla,Model S (75 kWh),Full-size,285,A1,B,401,3.55408674,-2.011097282,31.5353536,1.9982,2.596,1612,1.788443234,37,0.894221617
2017,Tesla,Model S 60D,Full-size,386,A1,B,351,3.552243632,-2.014059401,31.56847563,1.9982,2.595,1621.36,1.788443234,37,0.894221617
2017,Tesla,Model S 75D,Full-size,386,A1,B,417,3.553420405,-2.016178752,31.18937274,1.9982,2.592,1584.062,1.773033716,39,0.886516858
2017,Tesla,Model S 90D,Full-size,386,A1,B,473,3.552009243,-2.010936542,31.18957929,1.9982,2.59,1593.453,1.773033716,39,0.886516858
2017,Tesla,Model S 100D,Full-size,386,A1,B,539,3.550465802,-2.015459326,31.21835324,1.9982,2.59,1602.828,1.773033716,39,0.886516858
2017,Tesla,Model S P90D,Full-size,568,A1,B,435,3.558140034,-2.012116628,31.86893875,1.9982,2.597,1555.891,1.767872111,41,0.883936056
2017,Tesla ,Model S P100D,Full-size,568,A1,B,507,3.5568515,-2.01325349,31.9014915,1.9982,2.596,1565.282,1.767872111,41,0.883936056
2017,Tesla ,Model X 60D,SUV: Standard,386,A1,B,322,3.555270161,-2.013637001,31.92509316,1.9982,2.594,1574.61,1.767872111,41,0.883936056
2017,Tesla ,Model X 75D,SUV: Standard,386,A1,B,383,3.553766745,-2.012867335,31.94966203,1.9984,2.593,1584.016,1.767872111,41,0.883936056
2017,Tesla ,Model X 90D,SUV: Standard,386,A1,B,414,3.217533328,-2.013038016,36.4685989,1.9982,2.277,2988.906,1.751730487,45,0.875865244
2017,Tesla ,Model X 100D,SUV: Standard,386,A1,B,475,3.204382634,-2.014054644,36.53071166,1.9982,2.263,2998.234,1.751730487,45,0.875865244
2017,Tesla ,Model X P90D,SUV: Standard,568,A1,B,402,3.189946602,-2.011337495,36.6402219,1.9982,2.249,3007.64,1.751730487,45,0.875865244
2017,Tesla ,Model X P100D,SUV: Standard,568,A1,B,465,3.174160399,-2.01155804,36.67270937,1.9982,2.234,3017.015,1.751730487,45,0.875865244
2017,Volkswagen,e-Golf,Compact,100,A1,B,201,3.833401064,-2.012869,26.38381609,1.9982,2.863,328.656,1.736091351,47,0.868045676
2018,BMW,i3,Subcompact,125,A1,B,183,3.830837156,-2.012887917,26.48406339,1.9982,2.86,338.016,1.736091351,47,0.868045676
2018,BMW,i3s,Subcompact,135,A1,B,172,3.828021644,-2.010713293,26.5890908,1.9982,2.857,347.328,1.736091351,47,0.868045676
2018,Chevrolet,Bolt EV,Station wagon: Small,150,A1,B,383,3.636549976,-2.012875814,32.70276827,1.9982,2.677,1153.312,1.793624015,48,0.896812008
2018,Ford,Focus Electric,Compact,107,A1,B,185,3.634691889,-2.01187145,32.7418,1.9982,2.675,1162.719,1.793624015,48,0.896812008
2018,Hyundai,IONIQ Electric,Mid-size,88,A1,B,200,3.632888967,-2.013954387,32.76894472,1.9982,2.673,1172.047,1.793624015,48,0.896812008
2018,Kia,Soul EV,Station wagon: Small,81,A1,B,179,3.551685603,-2.010646995,32.49059351,1.9982,2.589,1593.657,1.767364208,50,0.883682104
2018,Nissan,LEAF,Mid-size,110,A1,B,242,3.550566062,-2.014177931,32.51195196,1.9982,2.588,1603.016,1.767364208,50,0.883682104
2018,smart,fortwo electric drive cabriolet,Two-seater,60,A1,B,92,3.549077666,-2.009937296,32.54833483,1.9982,2.586,1612.391,1.767364208,50,0.883682104
2018,smart,fortwo electric drive coupe,Two-seater,60,A1,B,93,3.547819288,-2.010769132,32.59739776,1.9982,2.585,1621.719,1.767364208,50,0.883682104
2018,Tesla,Model 3 Mid Range,Mid-size,202,A1,B,418,3.300448231,-0.001920667,37.97298713,0.0006,0,3189.641,1.726321724,55,0.863160862
2018,Tesla,Model 3 Long Range,Mid-size,202,A1,B,499,3.316409637,-0.000939732,37.85865678,0.0006,0,3199.329,1.726321724,55,0.863160862
2018,Tesla,Model 3 Long Range AWD,Mid-size,335,A1,B,499,3.330667075,0.002141441,37.71134644,0.0008,0,3208.969,1.726321724,55,0.863160862
2018,Tesla,Model 3 Long Range AWD Performance,Mid-size,358,A1,B,499,3.760376799,-2.012126216,29.19726164,1.998,2.785,562.765,1.715806539,56,0.85790327
2018,Tesla,Model S (75 kWh),Full-size,285,A1,B,401,3.757137412,-2.010097836,29.31864471,1.998,2.782,572.172,1.715806539,56,0.85790327
2018,Tesla,Model S 75D,Full-size,386,A1,B,417,3.753891309,-2.012184555,29.33107278,1.9982,2.778,581.531,1.715806539,56,0.85790327
2018,Tesla,Model S 100D,Full-size,386,A1,B,539,3.624960656,-2.012878367,30.79050752,1.9982,2.655,1087.343,1.700311027,59,0.850155514
2018,Tesla,Model S P100D,Full-size,568,A1,B,507,3.622806043,-2.01189404,30.82156469,1.9982,2.654,1096.671,1.700311027,59,0.850155514
2018,Tesla,Model X 75D,SUV: Standard,386,A1,B,383,3.620895167,-2.011328723,30.84183773,1.9982,2.652,1106.015,1.700311027,59,0.850155514
2018,Tesla,Model X 100D,SUV: Standard,386,A1,B,475,3.766219553,-2.011755201,29.28964496,1.9982,2.794,534.859,1.69457986,60,0.84728993
2018,Tesla,Model X P100D,SUV: Standard,568,A1,B,465,3.763114484,-2.014028338,29.36010457,1.9982,2.791,544.219,1.69457986,60,0.84728993
2018,Volkswagen,e-Golf,Compact,100,A1,B,201,3.759981972,-2.011342011,29.43015313,1.9982,2.787,553.625,1.69457986,60,0.84728993
2019,Audi,e-tron 55 quattro,SUV: Standard,300,A1,B,329,3.756718879,-2.011292423,29.54137205,1.9982,2.785,562.969,1.69457986,60,0.84728993
2019,BMW,i3 (120 Ah),Subcompact,125,A1,B,246,3.753414481,-2.013101883,29.60666871,1.9982,2.781,572.375,1.69457986,60,0.84728993
2019,BMW,i3s (120 Ah),Subcompact,135,A1,B,246,3.608061355,-2.010739514,30.69652453,1.9982,2.644,1143.969,1.684902909,61,0.842451455
2019,Chevrolet,Bolt EV,Station wagon: Small,150,A1,B,383,3.606206514,-2.013211148,30.72725107,1.9982,2.642,1153.328,1.684902909,61,0.842451455
2019,Hyundai,IONIQ Electric,Mid-size,88,A1,B,200,3.604134253,-2.011518815,30.78167927,1.9982,2.64,1162.703,1.684902909,61,0.842451455
2019,Hyundai,Kona Electric,SUV: Small,150,A1,B,415,3.602225037,-2.014286566,30.81337329,1.9982,2.638,1172.047,1.684902909,61,0.842451455
2019,Jaguar,I-PACE,SUV: Small,294,A1,B,377,3.523330449,-2.013377425,32.14432436,1.9982,2.552,1611.891,1.674474159,62,0.83723708
2019,Kia,Niro EV,Station wagon: Small,150,A1,B,385,3.522173862,-2.011523064,32.16527821,1.9982,2.551,1621.266,1.674474159,62,0.83723708
2019,Kia,Soul EV,Station wagon: Small,81,A1,B,179,3.520813437,-2.010701556,32.20798672,1.9982,2.55,1630.625,1.674474159,62,0.83723708
2019,Nissan,LEAF (40 kWh),Mid-size,110,A1,B,243,3.519441945,-2.011216478,32.31705978,1.9982,2.548,1639.969,1.674474159,62,0.83723708
2019,Nissan,LEAF S PLUS,Mid-size,160,A1,B,363,3.145415751,-2.011803851,37.54677871,1.9982,2.187,2858.234,1.663716376,64,0.831858188
2019,Nissan,LEAF SV/SL PLUS,Mid-size,160,A1,B,349,3.128883887,-2.011555993,37.59151336,1.9982,2.171,2867.547,1.663716376,64,0.831858188
2019,smart EQ,fortwo cabriolet,Two-seater,60,A1,B,92,3.11109779,-2.013995542,37.70303219,1.9982,2.155,2876.938,1.663716376,64,0.831858188
2019,smart EQ,fortwo coupe,Two-seater,60,A1,B,93,3.569720797,-2.012329928,31.58488481,1.9982,2.604,1312.578,1.659013869,65,0.829506935
2019,Tesla,Model 3 Standard Range,Mid-size,211,A1,B,151,3.567624265,-2.011534943,31.62573606,1.9982,2.603,1321.985,1.659013869,65,0.829506935
2019,Tesla,Model 3 Standard Range Plus,Mid-size,211,A1,B,386,3.566060474,-2.013286457,31.66356005,1.9982,2.601,1331.266,1.659013869,65,0.829506935
2019,Tesla,Model 3 Mid Range,Mid-size,211,A1,B,425,3.486469298,-2.015271793,33.1689048,1.9982,2.511,1808.921,1.637857843,68,0.818928922
2019,Tesla,Model 3 Long Range,Mid-size,211,A1,B,499,3.485253681,-2.012021139,33.21161127,1.9982,2.51,1818.375,1.637857843,68,0.818928922
2019,Tesla,Model 3 Long Range AWD,Mid-size,335,A1,B,499,3.483916942,-2.012005822,33.24125336,1.9982,2.509,1827.734,1.637857843,68,0.818928922
2019,Tesla,Model 3 Long Range AWD Performance,Mid-size,358,A1,B,499,3.605363472,-2.0143149,30.53294074,1.9982,2.625,1059.36,1.61132566,72,0.80566283
2019,Tesla,Model S 75D,Full-size,386,A1,B,417,3.602986736,-2.01227856,30.57613724,1.9982,2.623,1068.75,1.61132566,72,0.80566283
2019,Tesla,Model S 100D,Full-size,386,A1,B,539,3.600753167,-2.009399119,30.62251544,1.998,2.622,1078.11,1.61132566,72,0.80566283
2019,Tesla,Model S P100D,Full-size,568,A1,B,507,3.598712417,-2.013322192,30.64922102,1.9982,2.62,1087.454,1.61132566,72,0.80566283
2019,Tesla,Model S Standard Range,Full-size,398,A1,B,459,3.701677103,-2.014719095,29.69859589,1.998,2.723,666.078,1.601514223,74,0.800757112
2019,Tesla,Model S Long Range,Full-size,398,A1,B,595,3.699146604,-2.012086245,29.71350872,1.9982,2.721,675.453,1.601514223,74,0.800757112
2019,Tesla,"Model S Performance (19"" Wheels)",Full-size,580,A1,B,555,3.696451978,-2.013219787,29.71380445,1.998,2.719,684.828,1.601514223,74,0.800757112
2019,Tesla,"Model S Performance (21"" Wheels)",Full-size,580,A1,B,523,3.693820821,-2.012590411,29.73098562,1.998,2.716,694.156,1.601514223,74,0.800757112
2019,Tesla,Model X 75D,SUV: Standard,386,A1,B,383,3.691223138,-2.0141171,29.74870369,1.9982,2.713,703.547,1.601514223,74,0.800757112
2019,Tesla,Model X 100D,SUV: Standard,386,A1,B,475,3.71950792,-2.0112914,29.47598539,1.998,2.743,600.672,1.590369231,75,0.795184616
2019,Tesla,Model X P100D,SUV: Standard,568,A1,B,465,3.716535859,-2.011963543,29.51706005,1.9982,2.739,610.032,1.590369231,75,0.795184616
2019,Tesla,Model X Standard Range,SUV: Standard,398,A1,B,410,3.71379996,-2.012832204,29.54560867,1.998,2.737,619.391,1.590369231,75,0.795184616
2019,Tesla,Model X Long Range,SUV: Standard,398,A1,B,523,3.710932409,-2.012245548,29.57429801,1.9982,2.735,628.766,1.590369231,75,0.795184616
2019,Tesla,"Model X Performance (20"" Wheels)",SUV: Standard,580,A1,B,491,3.708083494,-2.010471582,29.59037861,1.9982,2.732,638.125,1.590369231,75,0.795184616
2019,Tesla,"Model X Performance (22"" Wheels)",SUV: Standard,580,A1,B,435,3.837958111,-2.011552023,26.34483527,1.998,2.851,244.359,1.585788997,76,0.792894499
2019,Volkswagen,e-Golf,Compact,100,A1,B,201,3.834843083,-2.01367323,26.44520433,1.998,2.849,253.734,1.585788997,76,0.792894499
2020,Audi,e-tron Sportback 55 quattro,SUV: Standard,300,A1,B,351,3.83132524,-2.012967293,26.55632319,1.9982,2.847,263.14,1.585788997,76,0.792894499
2020,BMW,i3 (120 Ah),Subcompact,125,A1,B,246,3.82823316,-2.013821462,26.65121027,1.998,2.844,272.468,1.585788997,76,0.792894499
2020,BMW,i3s (120 Ah),Subcompact,135,A1,B,246,3.825155629,-2.011415563,26.74457611,1.9982,2.841,281.812,1.585788997,76,0.792894499
2020,Chevrolet,Bolt EV,Station wagon: Small,150,A1,B,417,4.197843265,-0.000352563,23.40886326,0.0006,4.213,9.391,1.564901995,80,0.782450998
2020,Hyundai,IONIQ Electric,Mid-size,100,A1,B,274,3.994734693,-2.013548197,23.42090739,1.9982,2.969,19.547,1.564901995,80,0.782450998
2020,Hyundai,Kona Electric,SUV: Small,150,A1,B,415,3.976735208,-2.012570571,23.48658538,1.998,2.966,28.891,1.564901995,80,0.782450998
2020,Jaguar,I-PACE,SUV: Small,294,A1,B,377,3.962440184,-2.012443994,23.58178762,1.998,2.959,38.25,1.564901995,80,0.782450998
2020,Kia,Niro EV,Station wagon: Small,150,A1,B,385,3.571685488,-2.010397453,30.55721552,1.9982,2.596,1125.312,1.559765947,81,0.779882974
2020,Kia,Soul EV (120 Ah),Station wagon: Small,150,A1,B,248,3.569894862,-2.013145745,30.5975459,1.9982,2.594,1134.672,1.559765947,81,0.779882974
2020,Kia,Soul EV (180 Ah),Station wagon: Small,150,A1,B,383,3.56767326,-2.013867119,30.64030144,1.998,2.592,1144.062,1.559765947,81,0.779882974
2020,MINI,Cooper SE 3 Door,Subcompact,135,A1,B,177,3.565677289,-2.012165008,30.67321664,1.9982,2.589,1153.422,1.559765947,81,0.779882974
2020,Nissan,LEAF (40 kWh),Mid-size,110,A1,B,240,3.813495087,-2.015342716,27.42227672,1.9982,2.824,300.641,1.554689354,83,0.777344677
2020,Nissan,LEAF S PLUS,Mid-size,160,A1,B,363,3.810278957,-2.013900993,27.52012639,1.998,2.821,310.078,1.554689354,83,0.777344677
2020,Nissan,LEAF SV/SL PLUS,Mid-size,160,A1,B,349,3.807318391,-2.01113232,27.6110887,1.9982,2.818,319.453,1.554689354,83,0.777344677
2020,Porsche,Taycan 4S (Performance Battery Plus),Compact,360,A2,B,327,3.804265038,-2.013369759,27.71463077,1.9982,2.816,328.781,1.554689354,83,0.777344677
2020,Porsche,Taycan Turbo,Compact,460,A2,B,323,3.801118211,-2.013082645,27.80812557,1.998,2.813,338.188,1.554689354,83,0.777344677
2020,Porsche,Taycan Turbo S,Compact,460,A2,B,309,3.687191999,-2.010892535,29.6783309,1.998,2.71,656.39,1.538236599,85,0.7691183
2020,Tesla,Model 3 Standard Range,Mid-size,211,A1,B,151,3.684400848,-2.011557075,29.69039372,1.998,2.707,665.703,1.538236599,85,0.7691183
2020,Tesla,Model 3 Standard Range Plus,Mid-size,211,A1,B,402,3.681629964,-2.013355587,29.70926817,1.998,2.705,675.046,1.538236599,85,0.7691183
2020,Tesla,Model 3 Mid Range,Mid-size,211,A1,B,425,3.678927307,-2.013829431,29.71353269,1.998,2.702,684.453,1.538236599,85,0.7691183
2020,Tesla,Model 3 Long Range,Mid-size,211,A1,B,531,3.676299117,-2.012277274,29.72662956,1.998,2.699,693.812,1.538236599,85,0.7691183
2020,Tesla,Model 3 Long Range AWD,Mid-size,335,A1,B,518,3.673409346,-2.013509928,29.73562016,1.998,2.697,703.171,1.538236599,85,0.7691183
2020,Tesla,"Model 3 Long Range AWD Performance (18"" Wheels)",Mid-size,358,A1,B,518,3.011347226,0.000470893,40.05748238,0.0008,0,2757.75,1.528525263,87,0.764262632
2020,Tesla,"Model 3 Long Range AWD Performance (19"" Wheels)",Mid-size,358,A1,B,489,3.096305998,0.001403166,40.06732467,0.0008,0,2767.359,1.528525263,87,0.764262632
2020,Tesla,"Model 3 Long Range AWD Performance (20"" Wheels)",Mid-size,358,A1,B,481,3.158158979,-0.001743221,40.02374102,0.0006,0,2777.031,1.528525263,87,0.764262632
2020,Tesla,Model S Standard Range,Full-size,398,A1,B,462,3.20579885,-0.00029465,39.93123243,0.0006,0,2786.765,1.528525263,87,0.764262632
2020,Tesla,Model S Long Range,Full-size,398,A1,B,600,3.456989448,-2.01231137,33.91554014,1.9982,2.488,1733.844,1.522647325,88,0.761323663
2020,Tesla,Model S Long Range Plus (pre-15/6/20),Full-size,398,A1,B,629,3.455395547,-2.012294602,33.95202085,1.9982,2.486,1743.234,1.522647325,88,0.761323663
2020,Tesla,Model S Long Range Plus,Full-size,398,A1,B,647,3.454005993,-2.010654991,33.99425108,1.9982,2.485,1752.562,1.522647325,88,0.761323663
2020,Tesla,"Model S Performance (19"" Wheels)",Full-size,580,A1,B,560,3.569120001,-2.00921048,31.27960074,1.9982,2.595,1087.312,1.517485994,89,0.758742997
2020,Tesla,"Model S Performance (21"" Wheels)",Full-size,580,A1,B,525,3.566678549,-2.016451294,31.32178923,1.9982,2.594,1096.625,1.517485994,89,0.758742997
2020,Tesla,Model X Standard Range,SUV: Standard,398,A1,B,415,3.564776189,-2.012215298,31.36128863,1.9982,2.591,1106,1.517485994,89,0.758742997
2020,Tesla,Model X Long Range,SUV: Standard,398,A1,B,528,3.562591323,-2.008098742,31.39624805,1.9982,2.589,1115.359,1.517485994,89,0.758742997
2020,Tesla,Model X Long Range Plus,SUV: Standard,398,A1,B,565,3.761684768,-2.01241279,29.2094282,1.9982,2.775,525.5,1.605818899,90,0.80290945
2020,Tesla,"Model X Performance (20"" Wheels)",SUV: Standard,580,A1,B,491,3.758079259,-2.012903826,29.29183505,1.9982,2.771,534.875,1.605818899,90,0.80290945
2020,Tesla,"Model X Performance (22"" Wheels)",SUV: Standard,580,A1,B,438,3.754741242,-2.012259618,29.37275467,1.9982,2.765,544.235,1.605818899,90,0.80290945
2020,Tesla,Model Y Long Range AWD,SUV: Small,358,A1,B,509,3.751452133,-2.013255584,29.43607135,1.998,2.761,553.61,1.605818899,90,0.80290945
2020,Tesla,Model Y Performance,SUV: Small,358,A1,B,507,3.747933687,-2.01001129,29.51675546,1.9982,2.759,563,1.605818899,90,0.80290945
2020,Tesla,"Model Y Performance (21"" Wheels)",SUV: Small,358,A1,B,468,3.744398087,-2.013618146,29.58502473,1.9982,2.757,572.344,1.605818899,90,0.80290945
2020,Volkswagen,e-Golf,Compact,100,A1,B,198,3.419093272,-2.013730814,35.58626048,1.9982,2.454,2099.25,1.563849145,91,0.781924573
2021,Audi,e-tron 55 quattro,SUV: Standard,300,A1,B,357,3.417383248,-2.012657706,35.6354812,1.9982,2.452,2108.594,1.563849145,91,0.781924573
2021,Audi,e-tron Sportback 55 quattro,SUV: Standard,300,A1,B,351,3.415614963,-2.013245963,35.66503283,1.9982,2.45,2118,1.563849145,91,0.781924573
2021,BMW,i3 (120 Ah),Subcompact,125,A1,B,246,3.414048362,-2.01330233,35.71382291,1.9982,2.449,2127.328,1.563849145,91,0.781924573
2021,BMW,i3s (120 Ah),Subcompact,135,A1,B,246,3.412229804,-2.014677056,35.76119671,1.9982,2.447,2136.656,1.563849145,91,0.781924573
2021,Chevrolet,Bolt EV,Station wagon: Small,150,A1,B,417,3.410616722,-2.013351513,35.79131013,1.9982,2.446,2146.125,1.563849145,91,0.781924573
2021,Ford,Mustang Mach-E Standard Range,Station wagon: Small,198,A1,B,370,3.410883359,-2.01215768,35.68229325,1.9982,2.438,2099.25,1.548091525,92,0.774045763
2021,Ford,Mustang Mach-E Standard Range AWD,Station wagon: Small,198,A1,B,340,3.409221362,-2.013525264,35.72702958,1.998,2.436,2108.641,1.548091525,92,0.774045763
2021,Ford,"Mustang Mach-E Extended Range (19"" Wheels)",Station wagon: Small,216,A1,B,483,3.407309723,-2.01399068,35.76822111,1.9982,2.435,2117.969,1.548091525,92,0.774045763
2021,Ford,Mustang Mach-E Extended Range AWD,Station wagon: Small,258,A1,B,435,3.405526436,-2.012079746,35.79687427,1.9982,2.433,2127.297,1.548091525,92,0.774045763
2021,Ford,Mustang Mach-E California Route 1,Station wagon: Small,216,A1,B,491,3.569341256,-2.012780862,31.48684366,1.998,2.593,1115.469,1.532375563,93,0.766187782
2021,Ford,Mustang Mach-E GT Performance Edition,Station wagon: Small,358,A1,B,418,3.567122974,-2.011617906,31.52380716,1.9982,2.591,1124.828,1.532375563,93,0.766187782
2021,Hyundai,IONIQ Electric,Mid-size,100,A1,B,274,3.5651796,-2.013687829,31.56674758,1.998,2.589,1134.187,1.532375563,93,0.766187782
2021,Hyundai,Kona Electric,SUV: Small,150,A1,B,415,3.563092194,-2.012535174,31.61522688,1.9982,2.588,1143.562,1.532375563,93,0.766187782
2021,Kia,Niro EV,Station wagon: Small,150,A1,B,385,3.7327143,-2.012114395,29.29379018,1.9982,2.745,506.75,1.516957302,95,0.758478651
2021,Kia,Soul EV (120 Ah),Station wagon: Small,150,A1,B,248,3.729132495,-2.012547141,29.35385329,1.9982,2.742,516.109,1.516957302,95,0.758478651
2021,Kia,Soul EV (180 Ah),Station wagon: Small,150,A1,B,383,3.725925127,-2.013398211,29.42016439,1.9982,2.739,525.453,1.516957302,95,0.758478651
2021,MINI,Cooper SE 3 Door,Subcompact,135,A1,B,177,3.722394468,-2.015263628,29.46658098,1.998,2.735,534.828,1.516957302,95,0.758478651
2021,Nissan,LEAF (40 kWh),Mid-size,110,A1,B,240,3.719217468,-2.012614197,29.5287871,1.9982,2.732,544.203,1.516957302,95,0.758478651
2021,Nissan,LEAF S PLUS,Mid-size,160,A1,B,363,3.486410336,-2.012829161,33.05581103,1.9982,2.52,1490.672,1.501545353,98,0.750772677
2021,Nissan,LEAF SV/SL PLUS,Mid-size,160,A1,B,349,3.484752615,-2.011828034,33.10107357,1.9982,2.518,1500,1.501545353,98,0.750772677
2021,Polestar,2,Mid-size,300,A1,B,375,3.483135999,-2.013112317,33.1498934,1.9982,2.517,1509.328,1.501545353,98,0.750772677
2021,Porsche,Taycan 4S (Performance Battery),Compact,320,A2,B,320,3.481663809,-2.009543019,33.17382352,1.9982,2.515,1518.703,1.501545353,98,0.750772677
2021,Porsche,Taycan 4S (Performance Battery Plus),Compact,360,A2,B,365,3.480357272,-2.016188046,33.21940358,1.9982,2.514,1528.063,1.501545353,98,0.750772677
2021,Porsche,Taycan Turbo,Compact,460,A2,B,341,3.549961524,-2.011588551,31.52481476,1.9982,2.58,1133.875,1.490844405,99,0.745422203
2021,Porsche,Taycan Turbo S,Compact,460,A2,B,323,3.547932422,-2.013008436,31.57598073,1.9982,2.578,1143.235,1.490844405,99,0.745422203
2021,Porsche,Taycan 4 Cross Turismo,Mid-size,280,A2,B,346,3.545937571,-2.01197451,31.61149153,1.9982,2.576,1152.641,1.490844405,99,0.745422203
2021,Porsche,Taycan 4S Cross Turismo,Mid-size,360,A2,B,346,3.543828531,-2.012543706,31.65850338,1.9982,2.574,1162.063,1.490844405,99,0.745422203
2021,Porsche,Taycan Turbo Cross Turismo,Mid-size,460,A2,B,328,3.541916268,-2.014081237,31.70634781,1.9982,2.572,1171.422,1.490844405,99,0.745422203
2021,Porsche,Taycan Turbo S Cross Turismo,Mid-size,460,A2,B,325,3.539905288,-2.010911495,31.75071091,1.9982,2.57,1180.781,1.490844405,99,0.745422203
2021,Tesla,Model 3 Standard Range,Mid-size,191,A1,B,151,3.875815955,-2.014407931,25.42127035,1.998,2.882,122.719,1.475209587,102,0.737604794
2021,Tesla,Model 3 Standard Range Plus,Mid-size,191,A1,B,423,3.86994085,-2.012465559,25.5227476,1.998,2.877,132.078,1.475209587,102,0.737604794
2021,Tesla,Model 3 Long Range AWD,Mid-size,293,A1,B,568,3.864397152,-2.013073206,25.63190165,1.998,2.872,141.453,1.475209587,102,0.737604794
2021,Tesla,Model 3 Performance,Mid-size,321,A1,B,507,3.8592499,-2.011889666,25.74274686,1.998,2.868,150.781,1.475209587,102,0.737604794
2021,Tesla,Model S Long Range,Full-size,494,A1,B,652,3.854353706,-2.015913753,25.86332173,1.998,2.863,160.141,1.475209587,102,0.737604794
2021,Tesla,Model S Long Range Plus,Full-size,398,A1,B,629,3.849616125,-2.013155893,25.97088461,1.998,2.859,169.484,1.475209587,102,0.737604794
2021,Tesla,"Model S Performance (19"" Wheels)",Full-size,580,A1,B,623,3.488137505,-0.002044485,37.77561568,0.0008,0,2922.438,1.49609183,104,0.748045915
2021,Tesla,"Model S Performance (21"" Wheels)",Full-size,580,A1,B,538,3.493900757,-0.000656204,37.61787669,0.0008,0,2932.188,1.49609183,104,0.748045915
2021,Tesla,"Model S Plaid (19"" Wheels)",Full-size,750,A1,B,637,3.49936345,0.000433646,37.47011927,0.0006,0,2941.938,1.49609183,104,0.748045915
2021,Tesla,"Model S Plaid (21"" Wheels)",Full-size,750,A1,B,560,3.504847343,-0.002840795,37.30832029,0.0008,0,2951.672,1.49609183,104,0.748045915
2021,Tesla,Model X Long Range,SUV: Standard,494,A1,B,560,3.586313258,-2.014078382,31.40052773,1.9982,2.615,965.75,1.480800595,105,0.740400298
2021,Tesla,Model X Long Range Plus,SUV: Standard,398,A1,B,597,3.583929037,-2.012372875,31.43115919,1.9982,2.613,975.078,1.480800595,105,0.740400298
2021,Tesla,"Model X Performance (20"" Wheels)",SUV: Standard,580,A1,B,549,3.581504629,-2.01596392,31.46350074,1.9982,2.611,984.516,1.480800595,105,0.740400298
2021,Tesla,"Model X Performance (22"" Wheels)",SUV: Standard,580,A1,B,483,3.579167334,-2.010537976,31.50223227,1.9982,2.608,993.86,1.480800595,105,0.740400298
2021,Tesla,Model Y Standard Range,SUV: Small,211,A1,B,393,3.576828162,-2.010633427,31.55398213,1.9982,2.606,1003.266,1.480800595,105,0.740400298
2021,Tesla,Model Y Long Range AWD,SUV: Small,270,A1,B,525,3.509178212,-2.01430573,32.80957754,1.9982,2.537,1302.547,1.469754327,106,0.734877164
2021,Tesla,Model Y Performance,SUV: Small,312,A1,B,488,3.50723502,-2.013646996,32.84970502,1.9982,2.536,1311.906,1.469754327,106,0.734877164
2021,Volkswagen,ID.4 Pro,SUV: Small,150,A1,B,400,3.505501268,-2.011952718,32.88571026,1.9982,2.533,1321.281,1.469754327,106,0.734877164
2021,Volkswagen,ID.4 AWD Pro,SUV: Small,220,A1,B,386,3.503886636,-2.013833562,32.92771198,1.9982,2.532,1330.672,1.469754327,106,0.734877164
2021,Volvo,XC40 Recharge,SUV: Small,300,A1,B,335,3.502172472,-2.012800098,32.97663785,1.9982,2.53,1340.047,1.469754327,106,0.734877164
2022,Audi,e-tron 55 quattro,SUV: Standard,300,A1,B,357,3.526393508,-2.005654596,32.0999801,1.9982,2.554,1181,1.453901227,107,0.726950614
2022,Audi,e-tron Sportback 55 quattro,SUV: Standard,300,A1,B,351,3.524111167,-2.007412195,32.13834276,1.9982,2.552,1190.359,1.453901227,107,0.726950614
2022,Audi,"e-tron S Sportback quattro (20"" Wheels)",SUV: Standard,370,A1,B,341,3.523073105,-2.014936307,32.1914194,1.9982,2.55,1199.718,1.453901227,107,0.726950614
2022,Audi,"e-tron S Sportback quattro (21"" or 22"" Wheels)",SUV: Standard,370,A1,B,298,3.52061829,-2.004030582,32.23146807,1.9982,2.548,1209.078,1.453901227,107,0.726950614
2022,Audi,e-tron GT,Mid-size,390,A2,B,383,3.750911629,-2.010009232,28.95389167,1.998,2.765,403.891,1.438670937,111,0.719335469
2022,Audi,RS e-tron GT,Mid-size,475,A2,B,373,3.747421332,-2.011556461,29.04822835,1.998,2.762,413.235,1.438670937,111,0.719335469
2022,Audi,Q4 50 e-tron quattro,SUV: Small,220,A1,B,388,3.743848269,-2.015879558,29.13078625,1.998,2.759,422.579,1.438670937,111,0.719335469
2022,Audi,Q4 50 e-tron Sportback quattro,SUV: Small,220,A1,B,388,3.740014517,-2.008802516,29.21935876,1.998,2.755,431.969,1.438670937,111,0.719335469
2022,BMW,"i4 eDrive40 (18"" Wheels)",Subcompact,250,A1,B,484,3.736510287,-2.013199793,29.31903462,1.998,2.752,441.282,1.438670937,111,0.719335469
2022,BMW,"i4 eDrive40 (19"" Wheels)",Subcompact,250,A1,B,454,3.732908307,-2.014560336,29.38992699,1.998,2.749,450.641,1.438670937,111,0.719335469
2022,BMW,"i4 M50 xDrive (19"" Wheels)",Subcompact,400,A1,B,435,3.379589368,-2.011647458,36.28906172,1.9982,2.414,1930.531,1.428064873,114,0.714032437
2022,BMW,"i4 M50 xDrive (20"" Wheels)",Subcompact,400,A1,B,365,3.377497419,-2.012421173,36.33186209,1.9982,2.412,1939.875,1.428064873,114,0.714032437
2022,BMW,"iX xDrive50 (20"" Wheels)",SUV: Standard,400,A1,B,521,3.375343398,-2.014850655,36.37519633,1.9982,2.41,1949.219,1.428064873,114,0.714032437
2022,BMW,"iX xDrive50 (21"" Wheels)",SUV: Standard,400,A1,B,491,3.373087635,-2.012131532,36.4273088,1.9982,2.408,1958.578,1.428064873,114,0.714032437
2022,BMW,"iX xDrive50 (22"" Wheels)",SUV: Standard,400,A1,B,507,3.416581471,-2.01297181,34.94411527,1.9982,2.444,1705.797,1.417429033,116,0.708714517
2022,Chevrolet,Bolt EUV,Station wagon: Small,150,A1,B,397,3.41489816,-2.011892883,34.99142209,1.998,2.442,1715.172,1.417429033,116,0.708714517
2022,Chevrolet,Bolt EV,Station wagon: Small,150,A1,B,417,3.41320364,-2.010873524,35.03829209,1.9982,2.44,1724.516,1.417429033,116,0.708714517
2022,Ford,F-150 Lightning Standard Range,Pickup truck: Standard,318,A1,B,370,3.411312809,-2.013410208,35.07842653,1.998,2.438,1733.859,1.417429033,116,0.708714517
2022,Ford,F-150 Lightning Extended Range,Pickup truck: Standard,420,A1,B,515,3.409600619,-2.010000854,35.12833742,1.9982,2.437,1743.203,1.417429033,116,0.708714517
2022,Ford,F-150 Lightning Platinum,Pickup truck: Standard,420,A1,B,483,4.188499612,-0.002674324,25.16645333,0.0008,4.203,9.438,1.433392049,120,0.716696025
2022,Ford,Mustang Mach-E Standard Range,SUV: Small,198,A1,B,397,3.979750056,-2.012403162,25.17907259,1.9982,2.999,19.563,1.433392049,120,0.716696025
2022,Ford,Mustang Mach-E Standard Range AWD,SUV: Small,198,A1,B,360,3.959836913,-2.01388926,25.2513074,1.9984,2.969,28.922,1.433392049,120,0.716696025
2022,Ford,Mustang Mach-E Extended Range,SUV: Small,216,A1,B,488,3.944342549,-2.01348021,25.34275244,1.9982,2.956,38.313,1.433392049,120,0.716696025
2022,Ford,Mustang Mach-E Extended Range AWD,SUV: Small,258,A1,B,446,3.44856316,-2.011310782,34.27579377,1.9982,2.487,1537.344,1.417354717,122,0.708677359
2022,Ford,Mustang Mach-E California Route 1,SUV: Small,216,A1,B,505,3.446948826,-2.012097854,34.31488131,1.9982,2.485,1546.688,1.417354717,122,0.708677359
2022,Ford,Mustang Mach-E California Route 1 AWD,SUV: Small,258,A1,B,502,3.445534153,-2.014861169,34.35659294,1.998,2.484,1556.031,1.417354717,122,0.708677359
2022,Ford,Mustang Mach-E GT Performance Edition,SUV: Small,358,A1,B,418,3.443631878,-2.010760003,34.40324975,1.9982,2.482,1565.438,1.417354717,122,0.708677359
2022,Hyundai,IONIQ 5 Standard Range,Full-size,125,A1,B,354,3.468541995,-2.012872252,33.16156892,1.9982,2.502,1359.562,1.396700823,125,0.698350412
2022,Hyundai,IONIQ 5 Long Range,Full-size,168,A1,B,488,3.466765971,-2.011647174,33.21198444,1.9982,2.5,1368.922,1.396700823,125,0.698350412
2022,Hyundai,IONIQ 5 Long Range AWD,Full-size,239,A1,B,414,3.465171868,-2.011607043,33.25893769,1.9982,2.498,1378.281,1.396700823,125,0.698350412
2022,Hyundai,Kona Electric,SUV: Small,150,A1,B,415,3.463307014,-2.015275656,33.30118564,1.9982,2.496,1387.641,1.396700823,125,0.698350412
2022,Jaguar,I-PACE,SUV: Small,294,A1,B,357,3.46159995,-2.014880712,33.34546165,1.9982,2.495,1397.047,1.396700823,125,0.698350412
2022,Kia,EV6 Standard Range,Station wagon: Small,125,A1,B,373,3.661460822,-2.013748771,29.68087858,1.9982,2.688,581.453,1.375236415,129,0.687618208
2022,Kia,EV6 Long Range,Station wagon: Small,168,A1,B,499,3.658069937,-2.012542487,29.70514173,1.9982,2.685,590.843,1.375236415,129,0.687618208
2022,Kia,EV6 Long Range AWD,Station wagon: Small,239,A1,B,441,3.654978051,-2.011007817,29.73171398,1.9982,2.682,600.187,1.375236415,129,0.687618208
2022,Kia,Niro EV,Station wagon: Small,150,A1,B,385,3.651637455,-2.01308241,29.7602351,1.9982,2.679,609.593,1.375236415,129,0.687618208
2022,Kia,Soul EV (120 Ah),Station wagon: Small,150,A1,B,248,3.648297197,-2.009189771,29.78628748,1.9982,2.676,618.968,1.375236415,129,0.687618208
2022,Kia,Soul EV (180 Ah),Station wagon: Small,150,A1,B,383,3.549518403,0.000917224,36.55033329,0.0006,0,2765.625,1.364782795,136,0.682391398
2022,Lucid,"Air Dream P AWD (19"" Wheels)",Full-size,829,A1,B,758,3.55335968,-0.000297229,36.39897422,0.0006,0,2775.406,1.364782795,136,0.682391398
2022,Lucid,"Air Dream P AWD (21"" Wheels)",Full-size,829,A1,B,726,3.557327411,-0.001249903,36.25554575,0.0006,0,2785.156,1.364782795,136,0.682391398
2022,Lucid,"Air Dream R AWD (19"" Wheels)",Full-size,696,A1,B,837,3.56107038,-0.000311463,36.10032896,0.0006,0,2794.891,1.364782795,136,0.682391398
2022,Lucid,"Air Dream R AWD (21"" Wheels)",Full-size,696,A1,B,774,3.735383408,-2.011953571,28.31122079,1.9982,2.757,375.219,1.354322047,137,0.677161024
2022,Lucid,"Air Grand Touring AWD (19"" Wheels)",Full-size,611,A1,B,830,3.731704087,-2.014334426,28.40506038,1.9982,2.754,384.578,1.354322047,137,0.677161024
2022,Lucid,"Air Grand Touring AWD (21"" Wheels)",Full-size,611,A1,B,755,3.727678,-2.013248937,28.51040249,1.9982,2.75,394,1.354322047,137,0.677161024
2022,Mazda,MX-30,Mid-size,107,A1,B,161,3.723912926,-2.011195675,28.60493624,1.9982,2.747,403.406,1.354322047,137,0.677161024
2022,Mercedes-Benz,EQS 580 4MATIC Sedan,Full-size,385,A1,B,547,3.102136584,-2.011615318,38.78547632,1.9982,2.149,2240.25,1.344189194,141,0.672094597
2022,MINI,Cooper SE 3 Door,Subcompact,135,A1,B,183,3.089834779,-2.014510078,38.86400724,1.998,2.137,2249.578,1.344189194,141,0.672094597
2022,Nissan,LEAF (40 kWh),Mid-size,110,A1,B,240,3.077639986,-2.012156611,38.95343797,1.998,2.125,2258.968,1.344189194,141,0.672094597
2022,Nissan,LEAF S PLUS,Mid-size,160,A1,B,363,3.064859852,-2.011658553,39.03963444,1.998,2.112,2268.359,1.344189194,141,0.672094597
2022,Nissan,LEAF SV/SL PLUS,Mid-size,160,A1,B,349,3.505747364,-2.013463607,31.62664127,1.998,2.539,1049.688,1.338991379,142,0.66949569
2022,Polestar,2 Single Motor,Mid-size,170,A1,B,435,3.50351679,-2.012301064,31.68918297,1.9982,2.537,1059.031,1.338991379,142,0.66949569
2022,Polestar,2 Dual Motor,Mid-size,300,A1,B,401,3.501237614,-2.012230031,31.73151102,1.9982,2.534,1068.36,1.338991379,142,0.66949569
2022,Porsche,Taycan 4 Cross Turismo,Mid-size,280,A2,B,346,3.4990057,-2.011909391,31.78642703,1.9982,2.532,1077.75,1.338991379,142,0.66949569
2022,Porsche,Taycan 4S (Performance Battery),Compact,320,A2,B,320,3.234252643,-2.012067569,37.4179791,1.998,2.277,2052.125,1.323170899,146,0.66158545
2022,Porsche,Taycan 4S (Performance Battery Plus),Compact,360,A2,B,365,3.228274404,-2.010840018,37.47204017,1.9982,2.271,2061.547,1.323170899,146,0.66158545
2022,Porsche,Taycan 4S Cross Turismo,Mid-size,360,A2,B,346,3.222081328,-2.010425609,37.54006165,1.998,2.265,2070.875,1.323170899,146,0.66158545
2022,Porsche,Taycan GTS,Compact,380,A2,B,396,3.215609016,-2.013327338,37.61094007,1.998,2.258,2080.297,1.323170899,146,0.66158545
2022,Porsche,Taycan GTS Sport Turismo,Mid-size,380,A2,B,375,3.455063095,-2.012395062,32.56051473,1.9982,2.489,1237.39,1.318169159,147,0.65908458
2022,Porsche,Taycan Turbo,Compact,460,A2,B,341,3.453117193,-2.012424906,32.61625115,1.9982,2.487,1246.734,1.318169159,147,0.65908458
2022,Porsche,Taycan Turbo Cross Turismo,Mid-size,460,A2,B,328,3.451143335,-2.013093104,32.66912846,1.9982,2.486,1256.062,1.318169159,147,0.65908458
2022,Porsche,Taycan Turbo S,Compact,460,A2,B,323,3.44906297,-2.012410133,32.70726269,1.998,2.483,1265.421,1.318169159,147,0.65908458
2022,Porsche,Taycan Turbo S Cross Turismo,Mid-size,460,A2,B,325,3.447291301,-2.01127861,32.76151634,1.9982,2.482,1274.812,1.318169159,147,0.65908458
2022,Rivian,R1S,SUV: Standard,650,A1,B,509,3.475925024,-2.01584575,32.73550707,1.998,2.51,1227.828,1.360121677,151,0.680060839
2022,Rivian,R1T,Pickup truck: Standard,650,A1,B,505,3.474144705,-2.012936519,32.78660825,1.9982,2.509,1237.234,1.360121677,151,0.680060839
2022,Tesla,Model 3 Standard Range,Mid-size,191,A1,B,146,3.472277302,-2.011945436,32.83014115,1.9982,2.507,1246.531,1.360121677,151,0.680060839
2022,Tesla,Model 3 RWD,Mid-size,191,A1,B,438,3.470189849,-2.013080833,32.87816613,1.9982,2.504,1255.938,1.360121677,151,0.680060839
2022,Tesla,Model 3 Long Range AWD,Mid-size,293,A1,B,576,3.46833099,-2.013734401,32.92942208,1.9982,2.503,1265.25,1.360121677,151,0.680060839
2022,Tesla,Model 3 Performance,Mid-size,321,A1,B,507,3.808165984,-2.011992719,25.86765741,1.998,2.809,178.703,1.323674127,154,0.661837064
2022,Tesla,Model S,Full-size,494,A1,B,652,3.803676083,-2.012518297,25.99410584,1.9982,2.807,188.063,1.323674127,154,0.661837064
2022,Tesla,"Model S Plaid (19"" Wheels)",Full-size,750,A1,B,637,3.799513374,-2.01361324,26.10986558,1.998,2.802,197.391,1.323674127,154,0.661837064
2022,Tesla,"Model S Plaid (21"" Wheels)",Full-size,750,A1,B,560,3.79522745,-2.011997704,26.23374671,1.998,2.799,206.781,1.323674127,154,0.661837064
2022,Tesla,Model X,SUV: Standard,494,A1,B,560,3.552180748,-2.011400179,30.4417605,1.998,2.57,834.391,1.313202063,157,0.656601032
2022,Tesla,"Model X Plaid (20"" Wheels)",SUV: Standard,750,A1,B,536,3.549308978,-2.013147006,30.48995753,1.998,2.568,843.766,1.313202063,157,0.656601032
2022,Tesla,"Model X Plaid (22"" Wheels)",SUV: Standard,750,A1,B,500,3.546755916,-2.010716741,30.53726091,1.998,2.565,853.141,1.313202063,157,0.656601032
2022,Tesla,Model Y AWD,SUV: Small,291,A1,B,449,3.707921885,-2.011448344,28.39847464,1.998,2.717,394.094,1.303410044,161,0.651705022
2022,Tesla,Model Y Long Range AWD,SUV: Small,291,A1,B,531,3.703924736,-2.012416044,28.49157314,1.998,2.713,403.406,1.303410044,161,0.651705022
2022,Tesla,Model Y Performance,SUV: Small,312,A1,B,488,3.699738717,-2.012856212,28.59048643,1.998,2.71,412.734,1.303410044,161,0.651705022
2022,Volkswagen,ID.4 Pro,SUV: Small,150,A1,B,422,3.511055234,-2.01306846,31.27544774,1.998,2.531,956.313,1.297887081,162,0.648943541
2022,Volkswagen,ID.4 AWD Pro,SUV: Small,220,A1,B,394,3.508709541,-2.010758858,31.32576026,1.998,2.529,965.656,1.297887081,162,0.648943541
2022,Volvo,C40 Recharge Twin,SUV: Small,300,A1,B,364,3.506182349,-2.010201851,31.38413207,1.998,2.526,975.031,1.297887081,162,0.648943541
2022,Volvo,XC40 Recharge Twin,SUV: Small,300,A1,B,359,3.503660466,-2.010594598,31.43869622,1.998,2.524,984.391,1.297887081,162,0.648943541
